BATTERY_CR2032,1,"BT1",Keystone,103,DIGI,103K-ND
12.5pF,2,"C21 C22",AVX,08051A120JAT2A,DIGI,478-5011-6-ND
20pF,2,"C2 C3",MURATA,GRM21A5C2E180JW01D,DIGI,490-5533-1-ND
24pF,2,"C166 C167",johnson,251R15S240JV4E,DIGI,712-1383-1-ND
47pF,2,"C352 C353",AVX,08051A470JAT2A,DIGI,478-1282-1-ND
1000pF,2,"C101 C102",AVX,08052C102KAT2A ,DIGI,478-1339-1-ND
4700pF,1,"C351",AVX,08055C472KAT2A,DIGI,478-1379-2-ND
0.01uF,15,"C1 C5 C8 C210 C220 C230 C240 C250 C260 C270 C280 C290 C300 C310 C320",AVX,08051C103JAT2A,DIGI,478-3745-6-ND
10nF,4,"C1101 C1201 C1301 C1401",AVX,08051C103JAT2A,DIGI,478-3745-6-ND
0.1uF,23,"C9 C10 C11 C12 C13 C14 C18 C20 C24 C104 C211 C251 C291 C355 C356 C357 C471 C601 C602 C603 C604 C701 C702",AVX,08055C104KAT2A,DIGI,478-1395-1-ND
0.1uF,1,"C165",avx,08055C104KAT2A,DIGI,478-1395-1-ND
100nF,4,"C1102 C1202 C1302 C1402",AVX,08055C104KAT2A,DIGI,478-1395-1-ND
1uF,4,"C6 C7 C16 C23",TDK,C2012X7S2A105K125AB,DIGI,445-5205-6-ND
2u2F,3,"C4 C15 C17",TDK,CGA4J3X5R1H225K125AB,DIGI,445-7880-1-ND
4.7uF,5,"C19 C354 C358 C472 C501",TDK,CGA4J3X5R1H475K125AB,DIGI,445-7882-6-ND
10uF,1,"C103",Taiyo,TMK316BJ106KL-T,DIGI,587-1337-1-ND,25V,10%,multi layer ceramic,other,more,stuff
220uF 16V,2,"C1002 C1003",kemet,T491D227K016AT,DIGI,399-10429-1-ND,sky-macau.com,8702041755
330uF 35V,1,"C1001",unitedchem,EMVY350ADA331MJA0G,DIGI,565-2479-1-ND
.047uF,2,"C162 C163",kemet,C0805C473J3GACTU,DIGI,399-8092-6-ND
.022uF,1,"C168",Murata,GRM21B5C1H223JA01L,DIGI,490-1644-1-ND
DNP,2,"C169 R171",DNP,DNP,DNP,DNP
TVS,2,"D1002 D1003",fairchild,BZX79C20,DIGI,BZX79C20-ND,sky-macau.com,8262743708
DIODESCH,1,"D1006",do no populate,DNP,sky-macau.com,1438219496
SCHDPAK,1,"D1004",VISHAY,VS-50WQ04FNPBF,DIGI,VS-50WQ04FNPBF-ND,DO NOT POPULATE
LED-grn,1,"D1005",lite-on,LTST-C171GKT,DIGI,160-1423-1-ND
LED-grn,7,"D1 D7 D8 D11 D351 D701 D702",lite-on,LTST-C171GKT,DIGI,160-1423-1-ND
LED-org,1,"D2",lite-on,LTST-C170KFKT,DIGI,160-1413-1-ND
LED-red,13,"D3 D414 D415 D417 D419 D421 D423 D425 D427 D429 D431 D433 D435",lite-on,LTST-C171KRKT,DIGI,160-1427-1-ND
LED-blu,1,"D4",lite-on,LTST-C170TBKT,DIGI,160-1579-1-ND
LED-red,2,"D801 D802",lite-on,LTST-C171KRKT,DIGI,160-1427-1-ND
DIODESCH,3,"D5 D6 D9",ST,BAT60JFILM,DIGI,497-3707-1-ND
DIODESCH,12,"D12 D13 D14 D15 D16 D17 D18 D19 D20 D21 D22 D23",DNP,DNP,DNP,DNP
ZENERSMALL,1,"D1001",diodesinc,BZT52C7V5-7-F,DIGI,BZT52C7V5-FDICT-ND,sky-macau.com,5633100308
TPIC8101,1,"D161",TI,TPIC8101DW,DIGI,296-34575-5-ND
DIODE,12,"D413 D416 D418 D420 D422 D424 D426 D428 D430 D432 D434 D436",on semi,BAT54T1G,DIGI,BAT54T1GOSCT-ND
DOUBLE_SCHOTTKY,13,"D210 D220 D230 D240 D250 D260 D270 D280 D290 D300 D310 D320 D703",st,BAS70-04FILM,DIGI,497-2516-1-ND
3.5A,1,"F1001",0R,jumperwire,0R,jumperwire
FUSE,1,"F1002",DNP,DNP,DNP,DNP
FILTER,1,"FB1",Murata,BLM21PG221SN1D,DIGI,490-1054-6-ND
FILTER,1,"FB701",Murata,BLM21PG221SN1D,DIGI,490-1054-6-ND
LOGO,1,"G2",DNP,DNP,DNP,DNP
LOGO,1,"G1",DNP,DNP,DNP,DNP
MINI-USB-5P-3400020P1,2,"J1 J351",JAE,DX2R005HN2E700,DIGI,670-1190-1-ND
MINI-USB-5P-3400020P1V,2,"J2 J352",TE,1734753-1,DIGI,A107790-ND
JUMPER,5,"JP1 JP2 JP3 JP4 JP471",JUMPER-WIRE,0R,JUMPER-WIRE,0R
TEST-AN,2,"JP9 JP11",dnp,dnp,dnp,dnp
JUMPER3,1,"JP5",DNP,DNP,DNP,DNP
TEST-LCD,1,"JPO1",dnp,dnp,dnp,dnp
TEST-gnd,6,"JPO2 JPO3 JPO6 JPO7 JPO8 JPO9",dnp,dnp,dnp,dnp
TEST-CRK,1,"JPO4",dnp,dnp,dnp,dnp
TEST-CAM,1,"JPO5",dnp,dnp,dnp,dnp
38uH,2,"L1001 L1002",ref_PULSE,PE-54040-S,sky-macau.com,3817361683
LED-blu,8,"LD601 LD602 LD603 LD604 LD605 LD606 LD607 LD608",LITE-ON,LTST-C170TBKT,SEEED,NA,DIGI,160-1579-1-ND
176122-6_2ND,1,"P99",TE,176122-6,DIGI,176122-6_2ND
CONN_1,8,"P1101 P1201 P1301 P1401 P1102 P1202 P1302 P1402",DO NOT POPULATE,DNP,DO NOT POPULATE,DNP
CONN_1,4,"P5 P1001 P1003 P1004",DO NOT POPULATE,DNP,DO NOT POPULATE,DNP
MICRO-SDCARD-CONNECTOR-3300060P1,1,"P352",seeed,3300060P1
CONN_6,1,"P4",do not populate,DNP,do not populate,DNP
pin_array_12x2,3,"P7 P8 P14",dnp,dnp,dnp,dnp
CONN_12X2,5,"P28 P35 P36 P42 P43"
CONN_13X2,1,"P50"
CONN_25X2,2,"P1 P2",do not populate,DNP,do not populate,DNP
CONN_2,1,"P3",do not populate,DNP,do not populate,DNP
CONN_2,2,"P165 P166",do not populate,DNP,do not populate,DNP
CONN_2X2,1,"P49"
CONN_3,4,"P604 P605 P606 P607"
CONN_4X2,3,"P31 P32 P48"
CONN_5X2,7,"P29 P34 P37 P38 P41 P45 P47"
CONN_6X2,1,"P27"
pin_array_8x2,3,"P24 P25 P26",dnp,dnp,dnp,dnp
CONN_8X2,5,"P33 P39 P40 P44 P46"
CONN_1,20,"P6 P9 P10 P11 P12 P13 P15 P16 P17 P18 P19 P20 P21 P22 P23 P30 P51 P52 P101 P1002",DO NOT POPULATE,DNP,DO NOT POPULATE,DNP
CONN_1,2,"P901 P902",dnp,dnp,dnp,dnp
CONN_2,4,"P1103 P1203 P1303 P1403",on-shore,OSTVN02A150,DIGI,ED10561-ND
CONN_4,1,"P401"
CONN_2,4,"P1104 P1204 P1304 P1404",omega,PCC-SMP-K,DIGI,1471-1067-ND
OVP_DRIVER,12,"Q401 Q402 Q403 Q404 Q405 Q406 Q407 Q408 Q409 Q410 Q411 Q412",ST,VNS14NV04,DIGI,497-11123-1-ND
MOS_PRO,1,"Q701",vishay,SI2323DS-T1-E3,DIGI,SI2323DS-T1-E3CT-ND
MOS_PRO,1,"Q1001",vishay,SI2323DS-T1-E3,DIGI,SI2323DS-T1-E3CT-ND,sky-macau.com,4824167646
0R,1,"R402",0R,jumperwire,0R,jumperwire
20R,12,"R403 R406 R407 R410 R411 R414 R415 R418 R419 R422 R423 R426",Panasonic,ECG ERJ-6ENF20R0V,DIGI,ERJ-6ENF20R0V
47R,1,"R10",ECG,ERA6AEB473V,DIGI,P47KDACT-ND
100,21,"R2 R213 R223 R233 R243 R253 R263 R273 R283 R293 R303 R313 R323 R601 R604 R605 R608 R609 R612 R613 R616",PANASONIC,ERJ-6ENF1000V,DIGI,P100CTR-ND
120,1,"R473",ECG,ERA6AEB121V,DIGI,P120DACT-ND
330R,1,"R5",ECG,ERA6AEB331V,DIGI,P330DADKR-ND
680R,4,"R6 R7 R8 R9",ECG,ERA6AEB681V,DIGI,P680DACT-ND
820R,1,"R177",vishay,CRCW0805820RJNEA,DIGI,541-820ACT-ND
1k,11,"R11 R12 R13 R290 R310 R352 R701 R702 R703 R1001 R1002",VISHAY,CRCW0805100KFKEA,DIGI,CRCW0805100KFKEA
1k,1,"R99",VISHAY,CRCW0805100KFKEA,DIGI,CRCW0805100KFKEA
1K,30,"R137 R141 R170 R172 R173 R174 R404 R405 R408 R409 R412 R413 R416 R417 R420 R421 R424 R425 R427 R428 R429 R430 R431 R432 R433 R434 R435 R436 R437 R438",VISHAY,CRCW0805100KFKEA,DIGI,CRCW0805100KFKEA
2700,10,"R210 R220 R602 R603 R606 R607 R610 R611 R614 R615",PANASONIC,ERJ-6ENF2701V,DIGI,P2.70KCCT-ND
5k,10,"R102 R103 R104 R106 R107 R108 R109 R110 R111 R112",STACKPOLE,RNCP0805FTD4K99,DIGI,RNCP0805FTD4K99CT-ND
10k,25,"R1 R3 R4 R113 R114 R163 R164 R175 R176 R212 R222 R232 R242 R252 R260 R262 R272 R280 R282 R292 R300 R302 R312 R322 R472",BOURNS,CR0805-FX-1002ELF,DIGI,CR0805-FX-1002ELFCT-ND
10k 1%,1,"R321",BOURNS,CR0805-FX-1002ELF,DIGI,CR0805-FX-1002ELFCT-ND
39k 0.1%,1,"R320",ECG,ERA6AEB393V,DIGI,P39KDACT-ND
68k,2,"R167 R168",ECG,ERJ-8GEYJ680V,DIGI,P68ECT-ND
100k,1,"R14",ECG,ERA6AEB104V,DIGI,P100KDACT-ND
500K,4,"R231 R241 R251 R271",ECG,ERA6AEB4993V,DIGI,P499KDACT-ND
1M,3,"R161 R162 R351",ECG,ERA-6AEB105V,DIGI,P1MDACT-ND
2M,1,"R166",vishay,CRCW08052M00FKEA,DIGI,541-2.00MCCT-ND
OPT,1,"R401",DNP,DNP,DNP,DNP
dnp,11,"R211 R221 R230 R240 R250 R261 R270 R281 R291 R301 R311",dnp,dnp,dnp,dnp
1500 .1%,24,"R214 R215 R224 R225 R234 R235 R244 R245 R254 R255 R264 R265 R274 R275 R284 R285 R294 R295 R304 R305 R314 R315 R324 R325",ECG,ERA6AEB152V,DIGI,P1.5KDADKR-ND
pdwn,2,"R801 R802",DNP,DNP,DNP,DNP
1kpot,1,"RV101",Bourns,TC33X-2-102E,DIGI,TC33X-102ECT-ND
DISPLAY_BL,1,"S1"
SW_PUSH,2,"SW1 SW2",E-SWITCH,TL1105F160Q,DIGI,EG1827-ND
TEST-C-C,1,"TEST2",dnp,dnp,dnp,dnp
LM2596,1,"U1001",linear,2596-5.0,DIGI,LM2596S-5.0/NOPB-ND,sky-macau.com,6841999795
ITEAD_HC-0X,1,"U4"
SKRHAAE010,1,"U5",ALPS,SKRHAAE010,Mouser,688-SKRHAAE010
MAX9926/9927,1,"U101",maxim,MAX9926UAEE+,DIGI,MAX9926UAEE+-ND,mouser,700-MAX9926UAEE,--,-,other,more,stuff
MCP6004,3,"U201 U202 U203",microchip,MCP6004-E/SL,DIGI,microchip,MCP6004-E/SL-ND
SN65HVD230,1,"U471",TI,SN65HVD230QD,DIGI,296-13123-5-ND
MAX31855KASA,4,"U1101 U1201 U1301 U1401",DALLAS SEMI,MAX31855KASA+	,DIGI,MAX31855KASA+-ND
TC4427,4,"U601 U602 U603 U604",MICROCHIP,TC4427AVOA,SEEED,NA,MOUSER,579-TC4427AVOA
NUF2101MT1G,1,"U2",on-semi,NUF2101MT1G,DIGI,NUF2101MT1GOSCT-ND
LM2937,1,"U3",TI,LM2937IMP-3.3/NOPB,DIGI,LM2937IMP-3.3/NOPBCT-ND
FT232RL,1,"U351",ftdi,FT232RL,DIGI,768-1007-2-ND
STM32F407VG,1,"U1",ST,STM32F407VGT6,DIGI,497-11605-ND
CONN_1,2,"W63 W64"
JMP,2,"W1002 W1003",DNP,DNP,DNP,DNP
TEST,2,"W702 W703",DNP,DNP,DNP,DNP
TEST,57,"W1 W2 W3 W4 W5 W6 W7 W8 W9 W10 W11 W12 W13 W14 W15 W16 W17 W18 W19 W20 W21 W22 W23 W27 W28 W29 W30 W31 W32 W33 W34 W35 W36 W37 W38 W43 W44 W45 W46 W47 W48 W50 W51 W52 W53 W54 W55 W56 W57 W58 W59 W60 W61 W62 W101 W102 W103",Matsushita,ERJ6GEY0R00V,DIGI,P0.0ADKR-ND
TEST,4,"W39 W40 W41 W42",littlefuse,0224007.HXUP,DIGI,F2441-ND
TEST,1,"W49",littlefuse,0805L010YR,DIGI,F2769CT-ND
TEST,1,"W701",DNP,DNP,DNP,DNP
8MHz,1,"X161",ABRACON,ABLS-8.000MHZ-K4T,DIGI,535-9937-1-ND
CRYSTAL,1,"X1",CTS,ATS08A-E,DIGI,CTX1054-ND
CRYSTAL,1,"X2",epson,MC-306 32.768K-E3:ROHS,DIGI,SER2417CT-ND
