ref,value,Field1,Field2,Field3,Field4,Field5,Field6,Field7,Field8
BT1,BATTERY_CR2032,Keystone,103,DIGI,103K-ND,,,,,,
C1,0.01uF,AVX,08051C103JAT2A,DIGI,478-3745-6-ND,,,,,,
C2,20pF,MURATA,GRM21A5C2E180JW01D,DIGI,490-5533-1-ND,,,,,,
C3,20pF,MURATA,GRM21A5C2E180JW01D,DIGI,490-5533-1-ND,,,,,,
C4,2u2F,TDK,CGA4J3X5R1H225K125AB,DIGI,445-7880-1-ND,,,,,,
C5,0.01uF,AVX,08051C103JAT2A,DIGI,478-3745-6-ND,,,,,,
C6,1uF,TDK,C2012X7S2A105K125AB,DIGI,445-5205-6-ND,,,,,,
C7,1uF,TDK,C2012X7S2A105K125AB,DIGI,445-5205-6-ND,,,,,,
C8,0.01uF,AVX,08051C103JAT2A,DIGI,478-3745-6-ND,,,,,,
C9,0.1uF,AVX,08055C104KAT2A,DIGI,478-1395-1-ND,,,,,,
C10,0.1uF,AVX,08055C104KAT2A,DIGI,478-1395-1-ND,,,,,,
C11,0.1uF,AVX,08055C104KAT2A,DIGI,478-1395-1-ND,,,,,,
C12,0.1uF,AVX,08055C104KAT2A,DIGI,478-1395-1-ND,,,,,,
C13,0.1uF,AVX,08055C104KAT2A,DIGI,478-1395-1-ND,,,,,,
C14,0.1uF,AVX,08055C104KAT2A,DIGI,478-1395-1-ND,,,,,,
C15,2u2F,TDK,CGA4J3X5R1H225K125AB,DIGI,445-7880-1-ND,,,,,,
C16,1uF,TDK,C2012X7S2A105K125AB,DIGI,445-5205-6-ND,,,,,,
C17,2u2F,TDK,CGA4J3X5R1H225K125AB,DIGI,445-7880-1-ND,,,,,,
C18,0.1uF,AVX,08055C104KAT2A,DIGI,478-1395-1-ND,,,,,,
C19,4.7uF,TDK,CGA4J3X5R1H475K125AB,DIGI,445-7882-6-ND,,,,,,
C20,0.1uF,AVX,08055C104KAT2A,DIGI,478-1395-1-ND,,,,,,
C21,12.5pF,AVX,08051A120JAT2A,DIGI,478-5011-6-ND,,,,,,
C22,12.5pF,AVX,08051A120JAT2A,DIGI,478-5011-6-ND,,,,,,
C23,1uF,TDK,C2012X7S2A105K125AB,DIGI,445-5205-6-ND,,,,,,
C24,0.1uF,AVX,08055C104KAT2A,DIGI,478-1395-1-ND,,,,,,
C101,1000pF,AVX,08052C102KAT2A ,DIGI,478-1339-1-ND,,,,,,
C102,1000pF,AVX,08052C102KAT2A ,DIGI,478-1339-1-ND,,,,,,
C103,10uF,Taiyo,TMK316BJ106KL-T,DIGI,587-1337-1-ND,25V,10%,multi layer ceramic,other,more,stuff,,
C104,0.1uF,AVX,08055C104KAT2A,DIGI,478-1395-1-ND,,,,,,
C162,.047uF,kemet,C0805C473J3GACTU,DIGI,399-8092-6-ND,,,,,,
C163,.047uF,kemet,C0805C473J3GACTU,DIGI,399-8092-6-ND,,,,,,
C165,0.1uF,avx,08055C104KAT2A,DIGI,478-1395-1-ND,,,,,,
C166,24pF,johnson,251R15S240JV4E,DIGI,712-1383-1-ND,,,,,,
C167,24pF,johnson,251R15S240JV4E,DIGI,712-1383-1-ND,,,,,,
C168,.022uF,Murata,GRM21B5C1H223JA01L,DIGI,490-1644-1-ND,,,,,,
C169,DNP,DNP,DNP,DNP,DNP,,,,,,
C210,0.01uF,AVX,08051C103JAT2A,DIGI,478-3745-6-ND,,,,,,
C211,0.1uF,AVX,08055C104KAT2A,DIGI,478-1395-1-ND,,,,,,
C220,0.01uF,AVX,08051C103JAT2A,DIGI,478-3745-6-ND,,,,,,
C230,0.01uF,AVX,08051C103JAT2A,DIGI,478-3745-6-ND,,,,,,
C240,0.01uF,AVX,08051C103JAT2A,DIGI,478-3745-6-ND,,,,,,
C250,0.01uF,AVX,08051C103JAT2A,DIGI,478-3745-6-ND,,,,,,
C251,0.1uF,AVX,08055C104KAT2A,DIGI,478-1395-1-ND,,,,,,
C260,0.01uF,AVX,08051C103JAT2A,DIGI,478-3745-6-ND,,,,,,
C270,0.01uF,AVX,08051C103JAT2A,DIGI,478-3745-6-ND,,,,,,
C280,0.01uF,AVX,08051C103JAT2A,DIGI,478-3745-6-ND,,,,,,
C290,0.01uF,AVX,08051C103JAT2A,DIGI,478-3745-6-ND,,,,,,
C291,0.1uF,AVX,08055C104KAT2A,DIGI,478-1395-1-ND,,,,,,
C300,0.01uF,AVX,08051C103JAT2A,DIGI,478-3745-6-ND,,,,,,
C310,0.01uF,AVX,08051C103JAT2A,DIGI,478-3745-6-ND,,,,,,
C320,0.01uF,AVX,08051C103JAT2A,DIGI,478-3745-6-ND,,,,,,
C351,4700pF,AVX,08055C472KAT2A,DIGI,478-1379-2-ND,,,,,,
C352,47pF,AVX,08051A470JAT2A,DIGI,478-1282-1-ND,,,,,,
C353,47pF,AVX,08051A470JAT2A,DIGI,478-1282-1-ND,,,,,,
C354,4.7uF,TDK,CGA4J3X5R1H475K125AB,DIGI,445-7882-6-ND,,,,,,
C355,0.1uF,AVX,08055C104KAT2A,DIGI,478-1395-1-ND,,,,,,
C356,0.1uF,AVX,08055C104KAT2A,DIGI,478-1395-1-ND,,,,,,
C357,0.1uF,AVX,08055C104KAT2A,DIGI,478-1395-1-ND,,,,,,
C358,4.7uF,TDK,CGA4J3X5R1H475K125AB,DIGI,445-7882-6-ND,,,,,,
C471,0.1uF,AVX,08055C104KAT2A,DIGI,478-1395-1-ND,,,,,,
C472,4.7uF,TDK,CGA4J3X5R1H475K125AB,DIGI,445-7882-6-ND,,,,,,
C501,4.7uF,TDK,CGA4J3X5R1H475K125AB,DIGI,445-7882-6-ND,,,,,,
C601,0.1uF,AVX,08055C104KAT2A,DIGI,478-1395-1-ND,,,,,,
C602,0.1uF,AVX,08055C104KAT2A,DIGI,478-1395-1-ND,,,,,,
C603,0.1uF,AVX,08055C104KAT2A,DIGI,478-1395-1-ND,,,,,,
C604,0.1uF,AVX,08055C104KAT2A,DIGI,478-1395-1-ND,,,,,,
C701,0.1uF,AVX,08055C104KAT2A,DIGI,478-1395-1-ND,,,,,,
C702,0.1uF,AVX,08055C104KAT2A,DIGI,478-1395-1-ND,,,,,,
C1001,330uF 35V,unitedchem,EMVY350ADA331MJA0G,DIGI,565-2479-1-ND,,,,,,
C1002,220uF 16V,kemet,T491D227K016AT,DIGI,399-10429-1-ND,sky-macau.com,8702041755,,,,,
C1003,220uF 16V,kemet,T491D227K016AT,DIGI,399-10429-1-ND,sky-macau.com,8702041755,,,,,
C1101,10nF,AVX,08051C103JAT2A,DIGI,478-3745-6-ND,,,,,,
C1102,100nF,AVX,08055C104KAT2A,DIGI,478-1395-1-ND,,,,,,
C1201,10nF,AVX,08051C103JAT2A,DIGI,478-3745-6-ND,,,,,,
C1202,100nF,AVX,08055C104KAT2A,DIGI,478-1395-1-ND,,,,,,
C1301,10nF,AVX,08051C103JAT2A,DIGI,478-3745-6-ND,,,,,,
C1302,100nF,AVX,08055C104KAT2A,DIGI,478-1395-1-ND,,,,,,
C1401,10nF,AVX,08051C103JAT2A,DIGI,478-3745-6-ND,,,,,,
C1402,100nF,AVX,08055C104KAT2A,DIGI,478-1395-1-ND,,,,,,
D1,LED-grn,lite-on,LTST-C171GKT,DIGI,160-1423-1-ND,,,,,,
D2,LED-org,lite-on,LTST-C170KFKT,DIGI,160-1413-1-ND,,,,,,
D3,LED-red,lite-on,LTST-C171KRKT,DIGI,160-1427-1-ND,,,,,,
D4,LED-blu,lite-on,LTST-C170TBKT,DIGI,160-1579-1-ND,,,,,,
D5,DIODESCH,ST,BAT60JFILM,DIGI,497-3707-1-ND,,,,,,
D6,DIODESCH,ST,BAT60JFILM,DIGI,497-3707-1-ND,,,,,,
D7,LED-grn,lite-on,LTST-C171GKT,DIGI,160-1423-1-ND,,,,,,
D8,LED-grn,lite-on,LTST-C171GKT,DIGI,160-1423-1-ND,,,,,,
D9,DIODESCH,ST,BAT60JFILM,DIGI,497-3707-1-ND,,,,,,
D11,LED-grn,lite-on,LTST-C171GKT,DIGI,160-1423-1-ND,,,,,,
D12,DIODESCH,DNP,DNP,DNP,DNP,,,,,,
D13,DIODESCH,DNP,DNP,DNP,DNP,,,,,,
D14,DIODESCH,DNP,DNP,DNP,DNP,,,,,,
D15,DIODESCH,DNP,DNP,DNP,DNP,,,,,,
D16,DIODESCH,DNP,DNP,DNP,DNP,,,,,,
D17,DIODESCH,DNP,DNP,DNP,DNP,,,,,,
D18,DIODESCH,DNP,DNP,DNP,DNP,,,,,,
D19,DIODESCH,DNP,DNP,DNP,DNP,,,,,,
D20,DIODESCH,DNP,DNP,DNP,DNP,,,,,,
D21,DIODESCH,DNP,DNP,DNP,DNP,,,,,,
D22,DIODESCH,DNP,DNP,DNP,DNP,,,,,,
D23,DIODESCH,DNP,DNP,DNP,DNP,,,,,,
D161,TPIC8101,TI,TPIC8101DW,DIGI,296-34575-5-ND,,,,,,
D210,DOUBLE_SCHOTTKY,st,BAS70-04FILM,DIGI,497-2516-1-ND,,,,,,
D220,DOUBLE_SCHOTTKY,st,BAS70-04FILM,DIGI,497-2516-1-ND,,,,,,
D230,DOUBLE_SCHOTTKY,st,BAS70-04FILM,DIGI,497-2516-1-ND,,,,,,
D240,DOUBLE_SCHOTTKY,st,BAS70-04FILM,DIGI,497-2516-1-ND,,,,,,
D250,DOUBLE_SCHOTTKY,st,BAS70-04FILM,DIGI,497-2516-1-ND,,,,,,
D260,DOUBLE_SCHOTTKY,st,BAS70-04FILM,DIGI,497-2516-1-ND,,,,,,
D270,DOUBLE_SCHOTTKY,st,BAS70-04FILM,DIGI,497-2516-1-ND,,,,,,
D280,DOUBLE_SCHOTTKY,st,BAS70-04FILM,DIGI,497-2516-1-ND,,,,,,
D290,DOUBLE_SCHOTTKY,st,BAS70-04FILM,DIGI,497-2516-1-ND,,,,,,
D300,DOUBLE_SCHOTTKY,st,BAS70-04FILM,DIGI,497-2516-1-ND,,,,,,
D310,DOUBLE_SCHOTTKY,st,BAS70-04FILM,DIGI,497-2516-1-ND,,,,,,
D320,DOUBLE_SCHOTTKY,st,BAS70-04FILM,DIGI,497-2516-1-ND,,,,,,
D351,LED-grn,lite-on,LTST-C171GKT,DIGI,160-1423-1-ND,,,,,,
D413,DIODE,on semi,BAT54T1G,DIGI,BAT54T1GOSCT-ND,,,,,,
D414,LED-red,lite-on,LTST-C171KRKT,DIGI,160-1427-1-ND,,,,,,
D415,LED-red,lite-on,LTST-C171KRKT,DIGI,160-1427-1-ND,,,,,,
D416,DIODE,on semi,BAT54T1G,DIGI,BAT54T1GOSCT-ND,,,,,,
D417,LED-red,lite-on,LTST-C171KRKT,DIGI,160-1427-1-ND,,,,,,
D418,DIODE,on semi,BAT54T1G,DIGI,BAT54T1GOSCT-ND,,,,,,
D419,LED-red,lite-on,LTST-C171KRKT,DIGI,160-1427-1-ND,,,,,,
D420,DIODE,on semi,BAT54T1G,DIGI,BAT54T1GOSCT-ND,,,,,,
D421,LED-red,lite-on,LTST-C171KRKT,DIGI,160-1427-1-ND,,,,,,
D422,DIODE,on semi,BAT54T1G,DIGI,BAT54T1GOSCT-ND,,,,,,
D423,LED-red,lite-on,LTST-C171KRKT,DIGI,160-1427-1-ND,,,,,,
D424,DIODE,on semi,BAT54T1G,DIGI,BAT54T1GOSCT-ND,,,,,,
D425,LED-red,lite-on,LTST-C171KRKT,DIGI,160-1427-1-ND,,,,,,
D426,DIODE,on semi,BAT54T1G,DIGI,BAT54T1GOSCT-ND,,,,,,
D427,LED-red,lite-on,LTST-C171KRKT,DIGI,160-1427-1-ND,,,,,,
D428,DIODE,on semi,BAT54T1G,DIGI,BAT54T1GOSCT-ND,,,,,,
D429,LED-red,lite-on,LTST-C171KRKT,DIGI,160-1427-1-ND,,,,,,
D430,DIODE,on semi,BAT54T1G,DIGI,BAT54T1GOSCT-ND,,,,,,
D431,LED-red,lite-on,LTST-C171KRKT,DIGI,160-1427-1-ND,,,,,,
D432,DIODE,on semi,BAT54T1G,DIGI,BAT54T1GOSCT-ND,,,,,,
D433,LED-red,lite-on,LTST-C171KRKT,DIGI,160-1427-1-ND,,,,,,
D434,DIODE,on semi,BAT54T1G,DIGI,BAT54T1GOSCT-ND,,,,,,
D435,LED-red,lite-on,LTST-C171KRKT,DIGI,160-1427-1-ND,,,,,,
D436,DIODE,on semi,BAT54T1G,DIGI,BAT54T1GOSCT-ND,,,,,,
D701,LED-grn,lite-on,LTST-C171GKT,DIGI,160-1423-1-ND,,,,,,
D702,LED-grn,lite-on,LTST-C171GKT,DIGI,160-1423-1-ND,,,,,,
D703,DOUBLE_SCHOTTKY,st,BAS70-04FILM,DIGI,497-2516-1-ND,,,,,,
D801,LED-red,lite-on,LTST-C171KRKT,DIGI,160-1427-1-ND,,,,,,
D802,LED-red,lite-on,LTST-C171KRKT,DIGI,160-1427-1-ND,,,,,,
D1001,ZENERSMALL,diodesinc,BZT52C7V5-7-F,DIGI,BZT52C7V5-FDICT-ND,sky-macau.com,5633100308,,,,,
D1002,TVS,fairchild,BZX79C20,DIGI,BZX79C20-ND,sky-macau.com,8262743708,,,,,
D1003,TVS,fairchild,BZX79C20,DIGI,BZX79C20-ND,sky-macau.com,8262743708,,,,,
D1004,SCHDPAK,VISHAY,VS-50WQ04FNPBF,DIGI,VS-50WQ04FNPBF-ND,DO NOT POPULATE,,,,,
D1005,LED-grn,lite-on,LTST-C171GKT,DIGI,160-1423-1-ND,,,,,,
D1006,DIODESCH,do no populate,DNP,sky-macau.com,1438219496,,,,,,
F1001,3.5A,0R,jumperwire,0R,jumperwire,,,,,,
F1002,FUSE,DNP,DNP,DNP,DNP,,,,,,
FB1,FILTER,Murata,BLM21PG221SN1D,DIGI,490-1054-6-ND,,,,,,
FB701,FILTER,Murata,BLM21PG221SN1D,DIGI,490-1054-6-ND,,,,,,
G1,LOGO,DNP,DNP,DNP,DNP,,,,,,
G2,LOGO,DNP,DNP,DNP,DNP,,,,,,
J1,MINI-USB-5P-3400020P1,JAE,DX2R005HN2E700,DIGI,670-1190-1-ND,,,,,,
J2,MINI-USB-5P-3400020P1V,TE,1734753-1,DIGI,A107790-ND,,,,,,
J351,MINI-USB-5P-3400020P1,JAE,DX2R005HN2E700,DIGI,670-1190-1-ND,,,,,,
J352,MINI-USB-5P-3400020P1V,TE,1734753-1,DIGI,A107790-ND,,,,,,
JP1,JUMPER,JUMPER-WIRE,0R,JUMPER-WIRE,0R,,,,,,
JP2,JUMPER,JUMPER-WIRE,0R,JUMPER-WIRE,0R,,,,,,
JP3,JUMPER,JUMPER-WIRE,0R,JUMPER-WIRE,0R,,,,,,
JP4,JUMPER,JUMPER-WIRE,0R,JUMPER-WIRE,0R,,,,,,
JP5,JUMPER3,DNP,DNP,DNP,DNP,,,,,,
JP9,TEST-AN,dnp,dnp,dnp,dnp,,,,,,
JP11,TEST-AN,dnp,dnp,dnp,dnp,,,,,,
JP471,JUMPER,JUMPER-WIRE,0R,JUMPER-WIRE,0R,,,,,,
JPO1,TEST-LCD,dnp,dnp,dnp,dnp,,,,,,
JPO2,TEST-gnd,dnp,dnp,dnp,dnp,,,,,,
JPO3,TEST-gnd,dnp,dnp,dnp,dnp,,,,,,
JPO4,TEST-CRK,dnp,dnp,dnp,dnp,,,,,,
JPO5,TEST-CAM,dnp,dnp,dnp,dnp,,,,,,
JPO6,TEST-gnd,dnp,dnp,dnp,dnp,,,,,,
JPO7,TEST-gnd,dnp,dnp,dnp,dnp,,,,,,
JPO8,TEST-gnd,dnp,dnp,dnp,dnp,,,,,,
JPO9,TEST-gnd,dnp,dnp,dnp,dnp,,,,,,
L1001,38uH,ref_PULSE,PE-54040-S,sky-macau.com,3817361683,,,,,,
L1002,38uH,ref_PULSE,PE-54040-S,sky-macau.com,3817361683,,,,,,
LD601,LED-blu,LITE-ON,LTST-C170TBKT,SEEED,NA,DIGI,160-1579-1-ND,,,,,
LD602,LED-blu,LITE-ON,LTST-C170TBKT,SEEED,NA,DIGI,160-1579-1-ND,,,,,
LD603,LED-blu,LITE-ON,LTST-C170TBKT,SEEED,NA,DIGI,160-1579-1-ND,,,,,
LD604,LED-blu,LITE-ON,LTST-C170TBKT,SEEED,NA,DIGI,160-1579-1-ND,,,,,
LD605,LED-blu,LITE-ON,LTST-C170TBKT,SEEED,NA,DIGI,160-1579-1-ND,,,,,
LD606,LED-blu,LITE-ON,LTST-C170TBKT,SEEED,NA,DIGI,160-1579-1-ND,,,,,
LD607,LED-blu,LITE-ON,LTST-C170TBKT,SEEED,NA,DIGI,160-1579-1-ND,,,,,
LD608,LED-blu,LITE-ON,LTST-C170TBKT,SEEED,NA,DIGI,160-1579-1-ND,,,,,
P1,CONN_25X2,do not populate,DNP,do not populate,DNP,,,,,,
P2,CONN_25X2,do not populate,DNP,do not populate,DNP,,,,,,
P3,CONN_2,do not populate,DNP,do not populate,DNP,,,,,,
P4,CONN_6,do not populate,DNP,do not populate,DNP,,,,,,
P5,CONN_1,DO NOT POPULATE,DNP,DO NOT POPULATE,DNP,,,,,,
P6,CONN_1,DO NOT POPULATE,DNP,DO NOT POPULATE,DNP,,,,,,
P7,pin_array_12x2,dnp,dnp,dnp,dnp,,,,,,
P8,pin_array_12x2,dnp,dnp,dnp,dnp,,,,,,
P9,CONN_1,DO NOT POPULATE,DNP,DO NOT POPULATE,DNP,,,,,,
P10,CONN_1,DO NOT POPULATE,DNP,DO NOT POPULATE,DNP,,,,,,
P11,CONN_1,DO NOT POPULATE,DNP,DO NOT POPULATE,DNP,,,,,,
P12,CONN_1,DO NOT POPULATE,DNP,DO NOT POPULATE,DNP,,,,,,
P13,CONN_1,DO NOT POPULATE,DNP,DO NOT POPULATE,DNP,,,,,,
P14,pin_array_12x2,dnp,dnp,dnp,dnp,,,,,,
P15,CONN_1,DO NOT POPULATE,DNP,DO NOT POPULATE,DNP,,,,,,
P16,CONN_1,DO NOT POPULATE,DNP,DO NOT POPULATE,DNP,,,,,,
P17,CONN_1,DO NOT POPULATE,DNP,DO NOT POPULATE,DNP,,,,,,
P18,CONN_1,DO NOT POPULATE,DNP,DO NOT POPULATE,DNP,,,,,,
P19,CONN_1,DO NOT POPULATE,DNP,DO NOT POPULATE,DNP,,,,,,
P20,CONN_1,DO NOT POPULATE,DNP,DO NOT POPULATE,DNP,,,,,,
P21,CONN_1,DO NOT POPULATE,DNP,DO NOT POPULATE,DNP,,,,,,
P22,CONN_1,DO NOT POPULATE,DNP,DO NOT POPULATE,DNP,,,,,,
P23,CONN_1,DO NOT POPULATE,DNP,DO NOT POPULATE,DNP,,,,,,
P24,pin_array_8x2,dnp,dnp,dnp,dnp,,,,,,
P25,pin_array_8x2,dnp,dnp,dnp,dnp,,,,,,
P26,pin_array_8x2,dnp,dnp,dnp,dnp,,,,,,
P27,CONN_6X2,,,,,,,,
P28,CONN_12X2,,,,,,,,
P29,CONN_5X2,,,,,,,,
P30,CONN_1,DO NOT POPULATE,DNP,DO NOT POPULATE,DNP,,,,,,
P31,CONN_4X2,,,,,,,,
P32,CONN_4X2,,,,,,,,
P33,CONN_8X2,,,,,,,,
P34,CONN_5X2,,,,,,,,
P35,CONN_12X2,,,,,,,,
P36,CONN_12X2,,,,,,,,
P37,CONN_5X2,,,,,,,,
P38,CONN_5X2,,,,,,,,
P39,CONN_8X2,,,,,,,,
P40,CONN_8X2,,,,,,,,
P41,CONN_5X2,,,,,,,,
P42,CONN_12X2,,,,,,,,
P43,CONN_12X2,,,,,,,,
P44,CONN_8X2,,,,,,,,
P45,CONN_5X2,,,,,,,,
P46,CONN_8X2,,,,,,,,
P47,CONN_5X2,,,,,,,,
P48,CONN_4X2,,,,,,,,
P49,CONN_2X2,,,,,,,,
P50,CONN_13X2,,,,,,,,
P51,CONN_1,DO NOT POPULATE,DNP,DO NOT POPULATE,DNP,,,,,,
P52,CONN_1,DO NOT POPULATE,DNP,DO NOT POPULATE,DNP,,,,,,
P99,176122-6_2ND,TE,176122-6,DIGI,176122-6_2ND,,,,,,
P101,CONN_1,DO NOT POPULATE,DNP,DO NOT POPULATE,DNP,,,,,,
P165,CONN_2,do not populate,DNP,do not populate,DNP,,,,,,
P166,CONN_2,do not populate,DNP,do not populate,DNP,,,,,,
P352,MICRO-SDCARD-CONNECTOR-3300060P1,seeed,3300060P1,,,,,,,
P401,CONN_4,,,,,,,,
P604,CONN_3,,,,,,,,
P605,CONN_3,,,,,,,,
P606,CONN_3,,,,,,,,
P607,CONN_3,,,,,,,,
P901,CONN_1,dnp,dnp,dnp,dnp,,,,,,
P902,CONN_1,dnp,dnp,dnp,dnp,,,,,,
P1001,CONN_1,DO NOT POPULATE,DNP,DO NOT POPULATE,DNP,,,,,,
P1002,CONN_1,DO NOT POPULATE,DNP,DO NOT POPULATE,DNP,,,,,,
P1003,CONN_1,DO NOT POPULATE,DNP,DO NOT POPULATE,DNP,,,,,,
P1004,CONN_1,DO NOT POPULATE,DNP,DO NOT POPULATE,DNP,,,,,,
P1101,CONN_1,DO NOT POPULATE,DNP,DO NOT POPULATE,DNP,,,,,,
P1102,CONN_1,DO NOT POPULATE,DNP,DO NOT POPULATE,DNP,,,,,,
P1103,CONN_2,on-shore,OSTVN02A150,DIGI,ED10561-ND,,,,,,
P1104,CONN_2,omega,PCC-SMP-K,DIGI,1471-1067-ND,,,,,,
P1201,CONN_1,DO NOT POPULATE,DNP,DO NOT POPULATE,DNP,,,,,,
P1202,CONN_1,DO NOT POPULATE,DNP,DO NOT POPULATE,DNP,,,,,,
P1203,CONN_2,on-shore,OSTVN02A150,DIGI,ED10561-ND,,,,,,
P1204,CONN_2,omega,PCC-SMP-K,DIGI,1471-1067-ND,,,,,,
P1301,CONN_1,DO NOT POPULATE,DNP,DO NOT POPULATE,DNP,,,,,,
P1302,CONN_1,DO NOT POPULATE,DNP,DO NOT POPULATE,DNP,,,,,,
P1303,CONN_2,on-shore,OSTVN02A150,DIGI,ED10561-ND,,,,,,
P1304,CONN_2,omega,PCC-SMP-K,DIGI,1471-1067-ND,,,,,,
P1401,CONN_1,DO NOT POPULATE,DNP,DO NOT POPULATE,DNP,,,,,,
P1402,CONN_1,DO NOT POPULATE,DNP,DO NOT POPULATE,DNP,,,,,,
P1403,CONN_2,on-shore,OSTVN02A150,DIGI,ED10561-ND,,,,,,
P1404,CONN_2,omega,PCC-SMP-K,DIGI,1471-1067-ND,,,,,,
Q401,OVP_DRIVER,ST,VNS14NV04,DIGI,497-11123-1-ND,,,,,,
Q402,OVP_DRIVER,ST,VNS14NV04,DIGI,497-11123-1-ND,,,,,,
Q403,OVP_DRIVER,ST,VNS14NV04,DIGI,497-11123-1-ND,,,,,,
Q404,OVP_DRIVER,ST,VNS14NV04,DIGI,497-11123-1-ND,,,,,,
Q405,OVP_DRIVER,ST,VNS14NV04,DIGI,497-11123-1-ND,,,,,,
Q406,OVP_DRIVER,ST,VNS14NV04,DIGI,497-11123-1-ND,,,,,,
Q407,OVP_DRIVER,ST,VNS14NV04,DIGI,497-11123-1-ND,,,,,,
Q408,OVP_DRIVER,ST,VNS14NV04,DIGI,497-11123-1-ND,,,,,,
Q409,OVP_DRIVER,ST,VNS14NV04,DIGI,497-11123-1-ND,,,,,,
Q410,OVP_DRIVER,ST,VNS14NV04,DIGI,497-11123-1-ND,,,,,,
Q411,OVP_DRIVER,ST,VNS14NV04,DIGI,497-11123-1-ND,,,,,,
Q412,OVP_DRIVER,ST,VNS14NV04,DIGI,497-11123-1-ND,,,,,,
Q701,MOS_PRO,vishay,SI2323DS-T1-E3,DIGI,SI2323DS-T1-E3CT-ND,,,,,,
Q1001,MOS_PRO,vishay,SI2323DS-T1-E3,DIGI,SI2323DS-T1-E3CT-ND,sky-macau.com,4824167646,,,,,
R1,10k,BOURNS,CR0805-FX-1002ELF,DIGI,CR0805-FX-1002ELFCT-ND,,,,,,
R2,100,PANASONIC,ERJ-6ENF1000V,DIGI,P100CTR-ND,,,,,,
R3,10k,BOURNS,CR0805-FX-1002ELF,DIGI,CR0805-FX-1002ELFCT-ND,,,,,,
R4,10k,BOURNS,CR0805-FX-1002ELF,DIGI,CR0805-FX-1002ELFCT-ND,,,,,,
R5,330R,ECG,ERA6AEB331V,DIGI,P330DADKR-ND,,,,,,
R6,680R,ECG,ERA6AEB681V,DIGI,P680DACT-ND,,,,,,
R7,680R,ECG,ERA6AEB681V,DIGI,P680DACT-ND,,,,,,
R8,680R,ECG,ERA6AEB681V,DIGI,P680DACT-ND,,,,,,
R9,680R,ECG,ERA6AEB681V,DIGI,P680DACT-ND,,,,,,
R10,47R,ECG,ERA6AEB473V,DIGI,P47KDACT-ND,,,,,,
R11,1k,VISHAY,CRCW0805100KFKEA,DIGI,CRCW0805100KFKEA,,,,,,
R12,1k,VISHAY,CRCW0805100KFKEA,DIGI,CRCW0805100KFKEA,,,,,,
R13,1k,VISHAY,CRCW0805100KFKEA,DIGI,CRCW0805100KFKEA,,,,,,
R14,100k,ECG,ERA6AEB104V,DIGI,P100KDACT-ND,,,,,,
R99,1k,VISHAY,CRCW0805100KFKEA,DIGI,CRCW0805100KFKEA,,,,,,
R102,5k,STACKPOLE,RNCP0805FTD4K99,DIGI,RNCP0805FTD4K99CT-ND,,,,,,
R103,5k,STACKPOLE,RNCP0805FTD4K99,DIGI,RNCP0805FTD4K99CT-ND,,,,,,
R104,5k,STACKPOLE,RNCP0805FTD4K99,DIGI,RNCP0805FTD4K99CT-ND,,,,,,
R106,5k,STACKPOLE,RNCP0805FTD4K99,DIGI,RNCP0805FTD4K99CT-ND,,,,,,
R107,5k,STACKPOLE,RNCP0805FTD4K99,DIGI,RNCP0805FTD4K99CT-ND,,,,,,
R108,5k,STACKPOLE,RNCP0805FTD4K99,DIGI,RNCP0805FTD4K99CT-ND,,,,,,
R109,5k,STACKPOLE,RNCP0805FTD4K99,DIGI,RNCP0805FTD4K99CT-ND,,,,,,
R110,5k,STACKPOLE,RNCP0805FTD4K99,DIGI,RNCP0805FTD4K99CT-ND,,,,,,
R111,5k,STACKPOLE,RNCP0805FTD4K99,DIGI,RNCP0805FTD4K99CT-ND,,,,,,
R112,5k,STACKPOLE,RNCP0805FTD4K99,DIGI,RNCP0805FTD4K99CT-ND,,,,,,
R113,10k,BOURNS,CR0805-FX-1002ELF,DIGI,CR0805-FX-1002ELFCT-ND,,,,,,
R114,10k,BOURNS,CR0805-FX-1002ELF,DIGI,CR0805-FX-1002ELFCT-ND,,,,,,
R137,1K,VISHAY,CRCW0805100KFKEA,DIGI,CRCW0805100KFKEA,,,,,,
R141,1K,VISHAY,CRCW0805100KFKEA,DIGI,CRCW0805100KFKEA,,,,,,
R161,1M,ECG,ERA-6AEB105V,DIGI,P1MDACT-ND,,,,,,
R162,1M,ECG,ERA-6AEB105V,DIGI,P1MDACT-ND,,,,,,
R163,10k,BOURNS,CR0805-FX-1002ELF,DIGI,CR0805-FX-1002ELFCT-ND,,,,,,
R164,10k,BOURNS,CR0805-FX-1002ELF,DIGI,CR0805-FX-1002ELFCT-ND,,,,,,
R166,2M,vishay,CRCW08052M00FKEA,DIGI,541-2.00MCCT-ND,,,,,,
R167,68k,ECG,ERJ-8GEYJ680V,DIGI,P68ECT-ND,,,,,,
R168,68k,ECG,ERJ-8GEYJ680V,DIGI,P68ECT-ND,,,,,,
R170,1K,VISHAY,CRCW0805100KFKEA,DIGI,CRCW0805100KFKEA,,,,,,
R171,DNP,DNP,DNP,DNP,DNP,,,,,,
R172,1K,VISHAY,CRCW0805100KFKEA,DIGI,CRCW0805100KFKEA,,,,,,
R173,1K,VISHAY,CRCW0805100KFKEA,DIGI,CRCW0805100KFKEA,,,,,,
R174,1K,VISHAY,CRCW0805100KFKEA,DIGI,CRCW0805100KFKEA,,,,,,
R175,10k,BOURNS,CR0805-FX-1002ELF,DIGI,CR0805-FX-1002ELFCT-ND,,,,,,
R176,10k,BOURNS,CR0805-FX-1002ELF,DIGI,CR0805-FX-1002ELFCT-ND,,,,,,
R177,820R,vishay,CRCW0805820RJNEA,DIGI,541-820ACT-ND,,,,,,
R210,2700,PANASONIC,ERJ-6ENF2701V,DIGI,P2.70KCCT-ND,,,,,,
R211,dnp,dnp,dnp,dnp,dnp,,,,,,
R212,10k,BOURNS,CR0805-FX-1002ELF,DIGI,CR0805-FX-1002ELFCT-ND,,,,,,
R213,100,PANASONIC,ERJ-6ENF1000V,DIGI,P100CTR-ND,,,,,,
R214,1500 .1%,ECG,ERA6AEB152V,DIGI,P1.5KDADKR-ND,,,,,,
R215,1500 .1%,ECG,ERA6AEB152V,DIGI,P1.5KDADKR-ND,,,,,,
R220,2700,PANASONIC,ERJ-6ENF2701V,DIGI,P2.70KCCT-ND,,,,,,
R221,dnp,dnp,dnp,dnp,dnp,,,,,,
R222,10k,BOURNS,CR0805-FX-1002ELF,DIGI,CR0805-FX-1002ELFCT-ND,,,,,,
R223,100,PANASONIC,ERJ-6ENF1000V,DIGI,P100CTR-ND,,,,,,
R224,1500 .1%,ECG,ERA6AEB152V,DIGI,P1.5KDADKR-ND,,,,,,
R225,1500 .1%,ECG,ERA6AEB152V,DIGI,P1.5KDADKR-ND,,,,,,
R230,dnp,dnp,dnp,dnp,dnp,,,,,,
R231,500K,ECG,ERA6AEB4993V,DIGI,P499KDACT-ND,,,,,,
R232,10k,BOURNS,CR0805-FX-1002ELF,DIGI,CR0805-FX-1002ELFCT-ND,,,,,,
R233,100,PANASONIC,ERJ-6ENF1000V,DIGI,P100CTR-ND,,,,,,
R234,1500 .1%,ECG,ERA6AEB152V,DIGI,P1.5KDADKR-ND,,,,,,
R235,1500 .1%,ECG,ERA6AEB152V,DIGI,P1.5KDADKR-ND,,,,,,
R240,dnp,dnp,dnp,dnp,dnp,,,,,,
R241,500K,ECG,ERA6AEB4993V,DIGI,P499KDACT-ND,,,,,,
R242,10k,BOURNS,CR0805-FX-1002ELF,DIGI,CR0805-FX-1002ELFCT-ND,,,,,,
R243,100,PANASONIC,ERJ-6ENF1000V,DIGI,P100CTR-ND,,,,,,
R244,1500 .1%,ECG,ERA6AEB152V,DIGI,P1.5KDADKR-ND,,,,,,
R245,1500 .1%,ECG,ERA6AEB152V,DIGI,P1.5KDADKR-ND,,,,,,
R250,dnp,dnp,dnp,dnp,dnp,,,,,,
R251,500K,ECG,ERA6AEB4993V,DIGI,P499KDACT-ND,,,,,,
R252,10k,BOURNS,CR0805-FX-1002ELF,DIGI,CR0805-FX-1002ELFCT-ND,,,,,,
R253,100,PANASONIC,ERJ-6ENF1000V,DIGI,P100CTR-ND,,,,,,
R254,1500 .1%,ECG,ERA6AEB152V,DIGI,P1.5KDADKR-ND,,,,,,
R255,1500 .1%,ECG,ERA6AEB152V,DIGI,P1.5KDADKR-ND,,,,,,
R260,10k,BOURNS,CR0805-FX-1002ELF,DIGI,CR0805-FX-1002ELFCT-ND,,,,,,
R261,dnp,dnp,dnp,dnp,dnp,,,,,,
R262,10k,BOURNS,CR0805-FX-1002ELF,DIGI,CR0805-FX-1002ELFCT-ND,,,,,,
R263,100,PANASONIC,ERJ-6ENF1000V,DIGI,P100CTR-ND,,,,,,
R264,1500 .1%,ECG,ERA6AEB152V,DIGI,P1.5KDADKR-ND,,,,,,
R265,1500 .1%,ECG,ERA6AEB152V,DIGI,P1.5KDADKR-ND,,,,,,
R270,dnp,dnp,dnp,dnp,dnp,,,,,,
R271,500K,ECG,ERA6AEB4993V,DIGI,P499KDACT-ND,,,,,,
R272,10k,BOURNS,CR0805-FX-1002ELF,DIGI,CR0805-FX-1002ELFCT-ND,,,,,,
R273,100,PANASONIC,ERJ-6ENF1000V,DIGI,P100CTR-ND,,,,,,
R274,1500 .1%,ECG,ERA6AEB152V,DIGI,P1.5KDADKR-ND,,,,,,
R275,1500 .1%,ECG,ERA6AEB152V,DIGI,P1.5KDADKR-ND,,,,,,
R280,10k,BOURNS,CR0805-FX-1002ELF,DIGI,CR0805-FX-1002ELFCT-ND,,,,,,
R281,dnp,dnp,dnp,dnp,dnp,,,,,,
R282,10k,BOURNS,CR0805-FX-1002ELF,DIGI,CR0805-FX-1002ELFCT-ND,,,,,,
R283,100,PANASONIC,ERJ-6ENF1000V,DIGI,P100CTR-ND,,,,,,
R284,1500 .1%,ECG,ERA6AEB152V,DIGI,P1.5KDADKR-ND,,,,,,
R285,1500 .1%,ECG,ERA6AEB152V,DIGI,P1.5KDADKR-ND,,,,,,
R290,1k,VISHAY,CRCW0805100KFKEA,DIGI,CRCW0805100KFKEA,,,,,,
R291,dnp,dnp,dnp,dnp,dnp,,,,,,
R292,10k,BOURNS,CR0805-FX-1002ELF,DIGI,CR0805-FX-1002ELFCT-ND,,,,,,
R293,100,PANASONIC,ERJ-6ENF1000V,DIGI,P100CTR-ND,,,,,,
R294,1500 .1%,ECG,ERA6AEB152V,DIGI,P1.5KDADKR-ND,,,,,,
R295,1500 .1%,ECG,ERA6AEB152V,DIGI,P1.5KDADKR-ND,,,,,,
R300,10k,BOURNS,CR0805-FX-1002ELF,DIGI,CR0805-FX-1002ELFCT-ND,,,,,,
R301,dnp,dnp,dnp,dnp,dnp,,,,,,
R302,10k,BOURNS,CR0805-FX-1002ELF,DIGI,CR0805-FX-1002ELFCT-ND,,,,,,
R303,100,PANASONIC,ERJ-6ENF1000V,DIGI,P100CTR-ND,,,,,,
R304,1500 .1%,ECG,ERA6AEB152V,DIGI,P1.5KDADKR-ND,,,,,,
R305,1500 .1%,ECG,ERA6AEB152V,DIGI,P1.5KDADKR-ND,,,,,,
R310,1k,VISHAY,CRCW0805100KFKEA,DIGI,CRCW0805100KFKEA,,,,,,
R311,dnp,dnp,dnp,dnp,dnp,,,,,,
R312,10k,BOURNS,CR0805-FX-1002ELF,DIGI,CR0805-FX-1002ELFCT-ND,,,,,,
R313,100,PANASONIC,ERJ-6ENF1000V,DIGI,P100CTR-ND,,,,,,
R314,1500 .1%,ECG,ERA6AEB152V,DIGI,P1.5KDADKR-ND,,,,,,
R315,1500 .1%,ECG,ERA6AEB152V,DIGI,P1.5KDADKR-ND,,,,,,
R320,39k 0.1%,ECG,ERA6AEB393V,DIGI,P39KDACT-ND,,,,,,
R321,10k 1%,BOURNS,CR0805-FX-1002ELF,DIGI,CR0805-FX-1002ELFCT-ND,,,,,,
R322,10k,BOURNS,CR0805-FX-1002ELF,DIGI,CR0805-FX-1002ELFCT-ND,,,,,,
R323,100,PANASONIC,ERJ-6ENF1000V,DIGI,P100CTR-ND,,,,,,
R324,1500 .1%,ECG,ERA6AEB152V,DIGI,P1.5KDADKR-ND,,,,,,
R325,1500 .1%,ECG,ERA6AEB152V,DIGI,P1.5KDADKR-ND,,,,,,
R351,1M,ECG,ERA-6AEB105V,DIGI,P1MDACT-ND,,,,,,
R352,1k,VISHAY,CRCW0805100KFKEA,DIGI,CRCW0805100KFKEA,,,,,,
R401,OPT,DNP,DNP,DNP,DNP,,,,,,
R402,0R,0R,jumperwire,0R,jumperwire,,,,,,
R403,20R,Panasonic,ECG ERJ-6ENF20R0V,DIGI,ERJ-6ENF20R0V,,,,,,
R404,1K,VISHAY,CRCW0805100KFKEA,DIGI,CRCW0805100KFKEA,,,,,,
R405,1K,VISHAY,CRCW0805100KFKEA,DIGI,CRCW0805100KFKEA,,,,,,
R406,20R,Panasonic,ECG ERJ-6ENF20R0V,DIGI,ERJ-6ENF20R0V,,,,,,
R407,20R,Panasonic,ECG ERJ-6ENF20R0V,DIGI,ERJ-6ENF20R0V,,,,,,
R408,1K,VISHAY,CRCW0805100KFKEA,DIGI,CRCW0805100KFKEA,,,,,,
R409,1K,VISHAY,CRCW0805100KFKEA,DIGI,CRCW0805100KFKEA,,,,,,
R410,20R,Panasonic,ECG ERJ-6ENF20R0V,DIGI,ERJ-6ENF20R0V,,,,,,
R411,20R,Panasonic,ECG ERJ-6ENF20R0V,DIGI,ERJ-6ENF20R0V,,,,,,
R412,1K,VISHAY,CRCW0805100KFKEA,DIGI,CRCW0805100KFKEA,,,,,,
R413,1K,VISHAY,CRCW0805100KFKEA,DIGI,CRCW0805100KFKEA,,,,,,
R414,20R,Panasonic,ECG ERJ-6ENF20R0V,DIGI,ERJ-6ENF20R0V,,,,,,
R415,20R,Panasonic,ECG ERJ-6ENF20R0V,DIGI,ERJ-6ENF20R0V,,,,,,
R416,1K,VISHAY,CRCW0805100KFKEA,DIGI,CRCW0805100KFKEA,,,,,,
R417,1K,VISHAY,CRCW0805100KFKEA,DIGI,CRCW0805100KFKEA,,,,,,
R418,20R,Panasonic,ECG ERJ-6ENF20R0V,DIGI,ERJ-6ENF20R0V,,,,,,
R419,20R,Panasonic,ECG ERJ-6ENF20R0V,DIGI,ERJ-6ENF20R0V,,,,,,
R420,1K,VISHAY,CRCW0805100KFKEA,DIGI,CRCW0805100KFKEA,,,,,,
R421,1K,VISHAY,CRCW0805100KFKEA,DIGI,CRCW0805100KFKEA,,,,,,
R422,20R,Panasonic,ECG ERJ-6ENF20R0V,DIGI,ERJ-6ENF20R0V,,,,,,
R423,20R,Panasonic,ECG ERJ-6ENF20R0V,DIGI,ERJ-6ENF20R0V,,,,,,
R424,1K,VISHAY,CRCW0805100KFKEA,DIGI,CRCW0805100KFKEA,,,,,,
R425,1K,VISHAY,CRCW0805100KFKEA,DIGI,CRCW0805100KFKEA,,,,,,
R426,20R,Panasonic,ECG ERJ-6ENF20R0V,DIGI,ERJ-6ENF20R0V,,,,,,
R427,1K,VISHAY,CRCW0805100KFKEA,DIGI,CRCW0805100KFKEA,,,,,,
R428,1K,VISHAY,CRCW0805100KFKEA,DIGI,CRCW0805100KFKEA,,,,,,
R429,1K,VISHAY,CRCW0805100KFKEA,DIGI,CRCW0805100KFKEA,,,,,,
R430,1K,VISHAY,CRCW0805100KFKEA,DIGI,CRCW0805100KFKEA,,,,,,
R431,1K,VISHAY,CRCW0805100KFKEA,DIGI,CRCW0805100KFKEA,,,,,,
R432,1K,VISHAY,CRCW0805100KFKEA,DIGI,CRCW0805100KFKEA,,,,,,
R433,1K,VISHAY,CRCW0805100KFKEA,DIGI,CRCW0805100KFKEA,,,,,,
R434,1K,VISHAY,CRCW0805100KFKEA,DIGI,CRCW0805100KFKEA,,,,,,
R435,1K,VISHAY,CRCW0805100KFKEA,DIGI,CRCW0805100KFKEA,,,,,,
R436,1K,VISHAY,CRCW0805100KFKEA,DIGI,CRCW0805100KFKEA,,,,,,
R437,1K,VISHAY,CRCW0805100KFKEA,DIGI,CRCW0805100KFKEA,,,,,,
R438,1K,VISHAY,CRCW0805100KFKEA,DIGI,CRCW0805100KFKEA,,,,,,
R472,10k,BOURNS,CR0805-FX-1002ELF,DIGI,CR0805-FX-1002ELFCT-ND,,,,,,
R473,120,ECG,ERA6AEB121V,DIGI,P120DACT-ND,,,,,,
R601,100,PANASONIC,ERJ-6ENF1000V,DIGI,P100CTR-ND,,,,,,
R602,2700,PANASONIC,ERJ-6ENF2701V,DIGI,P2.70KCCT-ND,,,,,,
R603,2700,PANASONIC,ERJ-6ENF2701V,DIGI,P2.70KCCT-ND,,,,,,
R604,100,PANASONIC,ERJ-6ENF1000V,DIGI,P100CTR-ND,,,,,,
R605,100,PANASONIC,ERJ-6ENF1000V,DIGI,P100CTR-ND,,,,,,
R606,2700,PANASONIC,ERJ-6ENF2701V,DIGI,P2.70KCCT-ND,,,,,,
R607,2700,PANASONIC,ERJ-6ENF2701V,DIGI,P2.70KCCT-ND,,,,,,
R608,100,PANASONIC,ERJ-6ENF1000V,DIGI,P100CTR-ND,,,,,,
R609,100,PANASONIC,ERJ-6ENF1000V,DIGI,P100CTR-ND,,,,,,
R610,2700,PANASONIC,ERJ-6ENF2701V,DIGI,P2.70KCCT-ND,,,,,,
R611,2700,PANASONIC,ERJ-6ENF2701V,DIGI,P2.70KCCT-ND,,,,,,
R612,100,PANASONIC,ERJ-6ENF1000V,DIGI,P100CTR-ND,,,,,,
R613,100,PANASONIC,ERJ-6ENF1000V,DIGI,P100CTR-ND,,,,,,
R614,2700,PANASONIC,ERJ-6ENF2701V,DIGI,P2.70KCCT-ND,,,,,,
R615,2700,PANASONIC,ERJ-6ENF2701V,DIGI,P2.70KCCT-ND,,,,,,
R616,100,PANASONIC,ERJ-6ENF1000V,DIGI,P100CTR-ND,,,,,,
R701,1k,VISHAY,CRCW0805100KFKEA,DIGI,CRCW0805100KFKEA,,,,,,
R702,1k,VISHAY,CRCW0805100KFKEA,DIGI,CRCW0805100KFKEA,,,,,,
R703,1k,VISHAY,CRCW0805100KFKEA,DIGI,CRCW0805100KFKEA,,,,,,
R801,pdwn,DNP,DNP,DNP,DNP,,,,,,
R802,pdwn,DNP,DNP,DNP,DNP,,,,,,
R1001,1k,VISHAY,CRCW0805100KFKEA,DIGI,CRCW0805100KFKEA,,,,,,
R1002,1k,VISHAY,CRCW0805100KFKEA,DIGI,CRCW0805100KFKEA,,,,,,
RV101,1kpot,Bourns,TC33X-2-102E,DIGI,TC33X-102ECT-ND,,,,,,
S1,DISPLAY_BL,,,,,,,,
SW1,SW_PUSH,E-SWITCH,TL1105F160Q,DIGI,EG1827-ND,,,,,,
SW2,SW_PUSH,E-SWITCH,TL1105F160Q,DIGI,EG1827-ND,,,,,,
TEST2,TEST-C-C,dnp,dnp,dnp,dnp,,,,,,
U1,STM32F407VG,ST,STM32F407VGT6,DIGI,497-11605-ND,,,,,,
U2,NUF2101MT1G,on-semi,NUF2101MT1G,DIGI,NUF2101MT1GOSCT-ND,,,,,,
U3,LM2937,TI,LM2937IMP-3.3/NOPB,DIGI,LM2937IMP-3.3/NOPBCT-ND,,,,,,
U4,ITEAD_HC-0X,,,,,,,,
U5,SKRHAAE010,ALPS,SKRHAAE010,Mouser,688-SKRHAAE010,,,,,,
U101,MAX9926/9927,maxim,MAX9926UAEE+,DIGI,MAX9926UAEE+-ND,mouser,700-MAX9926UAEE,--,-,other,more,stuff,,
U201,MCP6004,microchip,MCP6004-E/SL,DIGI,microchip,MCP6004-E/SL-ND,,,,,,
U202,MCP6004,microchip,MCP6004-E/SL,DIGI,microchip,MCP6004-E/SL-ND,,,,,,
U203,MCP6004,microchip,MCP6004-E/SL,DIGI,microchip,MCP6004-E/SL-ND,,,,,,
U351,FT232RL,ftdi,FT232RL,DIGI,768-1007-2-ND,,,,,,
U471,SN65HVD230,TI,SN65HVD230QD,DIGI,296-13123-5-ND,,,,,,
U601,TC4427,MICROCHIP,TC4427AVOA,SEEED,NA,MOUSER,579-TC4427AVOA,,,,,
U602,TC4427,MICROCHIP,TC4427AVOA,SEEED,NA,MOUSER,579-TC4427AVOA,,,,,
U603,TC4427,MICROCHIP,TC4427AVOA,SEEED,NA,MOUSER,579-TC4427AVOA,,,,,
U604,TC4427,MICROCHIP,TC4427AVOA,SEEED,NA,MOUSER,579-TC4427AVOA,,,,,
U1001,LM2596,linear,2596-5.0,DIGI,LM2596S-5.0/NOPB-ND,sky-macau.com,6841999795,,,,,
U1101,MAX31855KASA,DALLAS SEMI,MAX31855KASA+	,DIGI,MAX31855KASA+-ND,,,,,,
U1201,MAX31855KASA,DALLAS SEMI,MAX31855KASA+	,DIGI,MAX31855KASA+-ND,,,,,,
U1301,MAX31855KASA,DALLAS SEMI,MAX31855KASA+	,DIGI,MAX31855KASA+-ND,,,,,,
U1401,MAX31855KASA,DALLAS SEMI,MAX31855KASA+	,DIGI,MAX31855KASA+-ND,,,,,,
W1,TEST,Matsushita,ERJ6GEY0R00V,DIGI,P0.0ADKR-ND,,,,,,
W2,TEST,Matsushita,ERJ6GEY0R00V,DIGI,P0.0ADKR-ND,,,,,,
W3,TEST,Matsushita,ERJ6GEY0R00V,DIGI,P0.0ADKR-ND,,,,,,
W4,TEST,Matsushita,ERJ6GEY0R00V,DIGI,P0.0ADKR-ND,,,,,,
W5,TEST,Matsushita,ERJ6GEY0R00V,DIGI,P0.0ADKR-ND,,,,,,
W6,TEST,Matsushita,ERJ6GEY0R00V,DIGI,P0.0ADKR-ND,,,,,,
W7,TEST,Matsushita,ERJ6GEY0R00V,DIGI,P0.0ADKR-ND,,,,,,
W8,TEST,Matsushita,ERJ6GEY0R00V,DIGI,P0.0ADKR-ND,,,,,,
W9,TEST,Matsushita,ERJ6GEY0R00V,DIGI,P0.0ADKR-ND,,,,,,
W10,TEST,Matsushita,ERJ6GEY0R00V,DIGI,P0.0ADKR-ND,,,,,,
W11,TEST,Matsushita,ERJ6GEY0R00V,DIGI,P0.0ADKR-ND,,,,,,
W12,TEST,Matsushita,ERJ6GEY0R00V,DIGI,P0.0ADKR-ND,,,,,,
W13,TEST,Matsushita,ERJ6GEY0R00V,DIGI,P0.0ADKR-ND,,,,,,
W14,TEST,Matsushita,ERJ6GEY0R00V,DIGI,P0.0ADKR-ND,,,,,,
W15,TEST,Matsushita,ERJ6GEY0R00V,DIGI,P0.0ADKR-ND,,,,,,
W16,TEST,Matsushita,ERJ6GEY0R00V,DIGI,P0.0ADKR-ND,,,,,,
W17,TEST,Matsushita,ERJ6GEY0R00V,DIGI,P0.0ADKR-ND,,,,,,
W18,TEST,Matsushita,ERJ6GEY0R00V,DIGI,P0.0ADKR-ND,,,,,,
W19,TEST,Matsushita,ERJ6GEY0R00V,DIGI,P0.0ADKR-ND,,,,,,
W20,TEST,Matsushita,ERJ6GEY0R00V,DIGI,P0.0ADKR-ND,,,,,,
W21,TEST,Matsushita,ERJ6GEY0R00V,DIGI,P0.0ADKR-ND,,,,,,
W22,TEST,Matsushita,ERJ6GEY0R00V,DIGI,P0.0ADKR-ND,,,,,,
W23,TEST,Matsushita,ERJ6GEY0R00V,DIGI,P0.0ADKR-ND,,,,,,
W27,TEST,Matsushita,ERJ6GEY0R00V,DIGI,P0.0ADKR-ND,,,,,,
W28,TEST,Matsushita,ERJ6GEY0R00V,DIGI,P0.0ADKR-ND,,,,,,
W29,TEST,Matsushita,ERJ6GEY0R00V,DIGI,P0.0ADKR-ND,,,,,,
W30,TEST,Matsushita,ERJ6GEY0R00V,DIGI,P0.0ADKR-ND,,,,,,
W31,TEST,Matsushita,ERJ6GEY0R00V,DIGI,P0.0ADKR-ND,,,,,,
W32,TEST,Matsushita,ERJ6GEY0R00V,DIGI,P0.0ADKR-ND,,,,,,
W33,TEST,Matsushita,ERJ6GEY0R00V,DIGI,P0.0ADKR-ND,,,,,,
W34,TEST,Matsushita,ERJ6GEY0R00V,DIGI,P0.0ADKR-ND,,,,,,
W35,TEST,Matsushita,ERJ6GEY0R00V,DIGI,P0.0ADKR-ND,,,,,,
W36,TEST,Matsushita,ERJ6GEY0R00V,DIGI,P0.0ADKR-ND,,,,,,
W37,TEST,Matsushita,ERJ6GEY0R00V,DIGI,P0.0ADKR-ND,,,,,,
W38,TEST,Matsushita,ERJ6GEY0R00V,DIGI,P0.0ADKR-ND,,,,,,
W39,TEST,littlefuse,0224007.HXUP,DIGI,F2441-ND,,,,,,
W40,TEST,littlefuse,0224007.HXUP,DIGI,F2441-ND,,,,,,
W41,TEST,littlefuse,0224007.HXUP,DIGI,F2441-ND,,,,,,
W42,TEST,littlefuse,0224007.HXUP,DIGI,F2441-ND,,,,,,
W43,TEST,Matsushita,ERJ6GEY0R00V,DIGI,P0.0ADKR-ND,,,,,,
W44,TEST,Matsushita,ERJ6GEY0R00V,DIGI,P0.0ADKR-ND,,,,,,
W45,TEST,Matsushita,ERJ6GEY0R00V,DIGI,P0.0ADKR-ND,,,,,,
W46,TEST,Matsushita,ERJ6GEY0R00V,DIGI,P0.0ADKR-ND,,,,,,
W47,TEST,Matsushita,ERJ6GEY0R00V,DIGI,P0.0ADKR-ND,,,,,,
W48,TEST,Matsushita,ERJ6GEY0R00V,DIGI,P0.0ADKR-ND,,,,,,
W49,TEST,littlefuse,0805L010YR,DIGI,F2769CT-ND,,,,,,
W50,TEST,Matsushita,ERJ6GEY0R00V,DIGI,P0.0ADKR-ND,,,,,,
W51,TEST,Matsushita,ERJ6GEY0R00V,DIGI,P0.0ADKR-ND,,,,,,
W52,TEST,Matsushita,ERJ6GEY0R00V,DIGI,P0.0ADKR-ND,,,,,,
W53,TEST,Matsushita,ERJ6GEY0R00V,DIGI,P0.0ADKR-ND,,,,,,
W54,TEST,Matsushita,ERJ6GEY0R00V,DIGI,P0.0ADKR-ND,,,,,,
W55,TEST,Matsushita,ERJ6GEY0R00V,DIGI,P0.0ADKR-ND,,,,,,
W56,TEST,Matsushita,ERJ6GEY0R00V,DIGI,P0.0ADKR-ND,,,,,,
W57,TEST,Matsushita,ERJ6GEY0R00V,DIGI,P0.0ADKR-ND,,,,,,
W58,TEST,Matsushita,ERJ6GEY0R00V,DIGI,P0.0ADKR-ND,,,,,,
W59,TEST,Matsushita,ERJ6GEY0R00V,DIGI,P0.0ADKR-ND,,,,,,
W60,TEST,Matsushita,ERJ6GEY0R00V,DIGI,P0.0ADKR-ND,,,,,,
W61,TEST,Matsushita,ERJ6GEY0R00V,DIGI,P0.0ADKR-ND,,,,,,
W62,TEST,Matsushita,ERJ6GEY0R00V,DIGI,P0.0ADKR-ND,,,,,,
W63,CONN_1,,,,,,,,
W64,CONN_1,,,,,,,,
W101,TEST,Matsushita,ERJ6GEY0R00V,DIGI,P0.0ADKR-ND,,,,,,
W102,TEST,Matsushita,ERJ6GEY0R00V,DIGI,P0.0ADKR-ND,,,,,,
W103,TEST,Matsushita,ERJ6GEY0R00V,DIGI,P0.0ADKR-ND,,,,,,
W701,TEST,DNP,DNP,DNP,DNP,,,,,,
W702,TEST,DNP,DNP,DNP,DNP,,,,,,
W703,TEST,DNP,DNP,DNP,DNP,,,,,,
W1002,JMP,DNP,DNP,DNP,DNP,,,,,,
W1003,JMP,DNP,DNP,DNP,DNP,,,,,,
X1,CRYSTAL,CTS,ATS08A-E,DIGI,CTX1054-ND,,,,,,
X2,CRYSTAL,epson,MC-306 32.768K-E3:ROHS,DIGI,SER2417CT-ND,,,,,,
X161,8MHz,ABRACON,ABLS-8.000MHZ-K4T,DIGI,535-9937-1-ND,,,,,,
